fighter_name,fighter_url
Merab Dvalishvili,http://ufcstats.com/fighter-details/c03520b5c88ed6b4
Petr Yan,http://ufcstats.com/fighter-details/d661ce4da776fc20
Alexandre Pantoja,http://ufcstats.com/fighter-details/a0f0004aadf10b71
Joshua Van,http://ufcstats.com/fighter-details/17e97649403ba428
Brandon Moreno,http://ufcstats.com/fighter-details/792be9a24df82ed6
Tatsuro Taira,http://ufcstats.com/fighter-details/4461d7e47375a895
Henry Cejudo,http://ufcstats.com/fighter-details/056c493bbd76a918
Payton Talbott,http://ufcstats.com/fighter-details/6e743a33d56bdaa4
Jan Blachowicz,http://ufcstats.com/fighter-details/99df7d0a2a08a8a8
Bogdan Guskov,http://ufcstats.com/fighter-details/ef5dcb10d2bd4b0f
Grant Dawson,http://ufcstats.com/fighter-details/99bd51917728c25d
Manuel Torres,http://ufcstats.com/fighter-details/2e7878927067fdca
Terrance McKinney,http://ufcstats.com/fighter-details/809bd1a871491508
Chris Duncan,http://ufcstats.com/fighter-details/fd406a32a6fb3a29
Maycee Barber,http://ufcstats.com/fighter-details/6a740daf1b279661
Karine Silva,http://ufcstats.com/fighter-details/9d62c2d8ee151f08
Nazim Sadykhov,http://ufcstats.com/fighter-details/ff62013d2fce6d13
Fares Ziam,http://ufcstats.com/fighter-details/1e4f273069fb9e85
Marvin Vettori,http://ufcstats.com/fighter-details/7acbb0972e75281a
Brunno Ferreira,http://ufcstats.com/fighter-details/1e719d4b676dc19a
Edson Barboza,http://ufcstats.com/fighter-details/64a50dad704d1d49
Jalin Turner,http://ufcstats.com/fighter-details/4d8fa64202cee4c1
Iwo Baraniewski,http://ufcstats.com/fighter-details/1c23ec2f1b71be40
Ibo Aslan,http://ufcstats.com/fighter-details/6e8f1bcdda94ff45
Mansur Abdul-Malik,http://ufcstats.com/fighter-details/841695e02c99a521
Antonio Trocoli,http://ufcstats.com/fighter-details/6d48a2df51749d91
Muhammad Naimov,http://ufcstats.com/fighter-details/8d11d9c13e2ccdf7
Mairon Santos,http://ufcstats.com/fighter-details/480779d7f9a424d3
Arman Tsarukyan,http://ufcstats.com/fighter-details/eae48ff31db420c2
Dan Hooker,http://ufcstats.com/fighter-details/193b9d1858bc4df3
Belal Muhammad,http://ufcstats.com/fighter-details/b1b0729d27936f2f
Ian Machado Garry,http://ufcstats.com/fighter-details/442c9011034ae1fd
Volkan Oezdemir,http://ufcstats.com/fighter-details/0845c81e37d3bcb3
Alonzo Menifield,http://ufcstats.com/fighter-details/a495f599e787614f
Jack Hermansson,http://ufcstats.com/fighter-details/0a1942069c9ad6b6
Myktybek Orolbai,http://ufcstats.com/fighter-details/bf2c8e01b07d3eb1
Waldo Cortes Acosta,http://ufcstats.com/fighter-details/fc08099550072fe4
Shamil Gaziev,http://ufcstats.com/fighter-details/6747ccd6d1acd266
Tagir Ulanbekov,http://ufcstats.com/fighter-details/f00ac08ab056af5d
Kyoji Horiguchi,http://ufcstats.com/fighter-details/98aa60cf58071fd6
Bogdan Grad,http://ufcstats.com/fighter-details/fb37795db81f93f3
Luke Riley,http://ufcstats.com/fighter-details/b1de86d835638319
Nicolas Dalby,http://ufcstats.com/fighter-details/9d19d9e4aa2662e8
Saygid Izagakhmaev,http://ufcstats.com/fighter-details/de26d906f2874dd4
Alex Perez,http://ufcstats.com/fighter-details/ab2b4ff41d6ebe0f
Asu Almabayev,http://ufcstats.com/fighter-details/8d3273573b85be09
Abdul Rakhman Yakhyaev,http://ufcstats.com/fighter-details/95aff2fd8d09a5f0
Rafael Cerqueira,http://ufcstats.com/fighter-details/09a4447655fd4b7b
Bekzat Almakhan,http://ufcstats.com/fighter-details/a4dc0f2b95df4cc1
Aleksandre Topuria,http://ufcstats.com/fighter-details/4a6dff1b260bcf61
Ismail Naurdiev,http://ufcstats.com/fighter-details/6a96ad1bc34fb113
Ryan Loder,http://ufcstats.com/fighter-details/d5bab53a1a603aac
Nurullo Aliev,http://ufcstats.com/fighter-details/ca28cdf526d6b6e9
Shem Rock,http://ufcstats.com/fighter-details/52b6bf4528130e86
Marek Bujlo,http://ufcstats.com/fighter-details/ac0874309da489b9
Denzel Freeman,http://ufcstats.com/fighter-details/b5c19c34f12c917e
Jack Della Maddalena,http://ufcstats.com/fighter-details/6b453bc35a823c3f
Islam Makhachev,http://ufcstats.com/fighter-details/275aca31f61ba28c
Valentina Shevchenko,http://ufcstats.com/fighter-details/132deb59abae64b1
Zhang Weili,http://ufcstats.com/fighter-details/1ebe20ebbfa15e29
Sean Brady,http://ufcstats.com/fighter-details/45f7cb591c3ab00b
Michael Morales,http://ufcstats.com/fighter-details/c32aeb1a59e6272d
Leon Edwards,http://ufcstats.com/fighter-details/f1fac969a1d70b08
Carlos Prates,http://ufcstats.com/fighter-details/7ee0fd831c0fe7c3
Beneil Dariush,http://ufcstats.com/fighter-details/08af939f41b5a57b
Benoit Saint Denis,http://ufcstats.com/fighter-details/c2299ec916bc7c56
Bo Nickal,http://ufcstats.com/fighter-details/35673bf5204524ee
Rodolfo Vieira,http://ufcstats.com/fighter-details/260e9e0d4954aea6
Roman Kopylov,http://ufcstats.com/fighter-details/9d83f6da776ff7d6
Gregory Rodrigues,http://ufcstats.com/fighter-details/d1c65d2cf2925ddd
Erin Blanchfield,http://ufcstats.com/fighter-details/669970f7feba8ecd
Tracy Cortez,http://ufcstats.com/fighter-details/68d4a891e5cf2029
Malcolm Wellmaker,http://ufcstats.com/fighter-details/2e45d08b3f2f02c8
Ethyn Ewing,http://ufcstats.com/fighter-details/d776b5814f2400b4
Kyle Daukaus,http://ufcstats.com/fighter-details/d6c0cdd7e467c440
Gerald Meerschaert,http://ufcstats.com/fighter-details/6ac9bc2953c47345
Pat Sabatini,http://ufcstats.com/fighter-details/b8bbdeff718dbb7d
Chepe Mariscal,http://ufcstats.com/fighter-details/e0c6edcb5b5d0b90
Angela Hill,http://ufcstats.com/fighter-details/f0feeb2192937424
Fatima Kline,http://ufcstats.com/fighter-details/745fa7b605f8e2da
Baisangur Susurkaev,http://ufcstats.com/fighter-details/d1feea7a4bdcd503
Eric McConico,http://ufcstats.com/fighter-details/9508cc6184cb2450
Viacheslav Borshchev,http://ufcstats.com/fighter-details/19c591115a58982c
Matheus Camilo,http://ufcstats.com/fighter-details/72f890c5d421e705
Gabriel Bonfim,http://ufcstats.com/fighter-details/01641ba5df0c69b0
Randy Brown,http://ufcstats.com/fighter-details/c6aee362c7a7d482
Matt Schnell,http://ufcstats.com/fighter-details/67c1d46f4ed16f9e
Joseph Morales,http://ufcstats.com/fighter-details/2fe9032955c2e013
Muslim Salikhov,http://ufcstats.com/fighter-details/447f9858ae78f921
Uros Medic,http://ufcstats.com/fighter-details/681399317dbf4701
Chris Padilla,http://ufcstats.com/fighter-details/06626b6287e1ae1e
Ismael Bonfim,http://ufcstats.com/fighter-details/eb393afdbe3293d5
Christian Leroy Duncan,http://ufcstats.com/fighter-details/a93f94c923c3a9cb
Marco Tulio,http://ufcstats.com/fighter-details/9384e71bca6c409d
Hyder Amil,http://ufcstats.com/fighter-details/41cc71cbf210e0fe
Jamall Emmers,http://ufcstats.com/fighter-details/e00a3dee329a51f7
Ricky Simon,http://ufcstats.com/fighter-details/5987b2458f4b5290
Raoni Barcelos,http://ufcstats.com/fighter-details/b9f28e7045fdfce7
Mayra Bueno Silva,http://ufcstats.com/fighter-details/cc8c623cca88f54f
Jacqueline Cavalcanti,http://ufcstats.com/fighter-details/e3964ece586e0635
Josh Hokit,http://ufcstats.com/fighter-details/955da1675ad58a50
Max Gimenis,http://ufcstats.com/fighter-details/6a311920edd73c85
Tecia Pennington,http://ufcstats.com/fighter-details/31ef8b67e13495b3
Denise Gomes,http://ufcstats.com/fighter-details/cffb87059e645bd1
Miles Johns,http://ufcstats.com/fighter-details/46e0d677f91bacc0
Daniel Marcos,http://ufcstats.com/fighter-details/850266b3dc4e506e
Zach Reese,http://ufcstats.com/fighter-details/23dec7c47cb418f8
Jackson McVey,http://ufcstats.com/fighter-details/3eeec2f53cebdf12
Steve Garcia,http://ufcstats.com/fighter-details/97cf1a2c7c5e7889
David Onama,http://ufcstats.com/fighter-details/ffe9703408fb5964
Ante Delija,http://ufcstats.com/fighter-details/7d8435c56043b0ae
Jeremiah Wells,http://ufcstats.com/fighter-details/d66a46de8d705353
Themba Gorimbo,http://ufcstats.com/fighter-details/40f3cb27fc7305a1
Isaac Dulgarian,http://ufcstats.com/fighter-details/a57cb948c4c70a47
Yadier del Valle,http://ufcstats.com/fighter-details/70380ccdc81915b8
Charles Radtke,http://ufcstats.com/fighter-details/feedf3053472fe56
Daniel Frunza,http://ufcstats.com/fighter-details/7cec3c4a5e7b6d68
Allan Nascimento,http://ufcstats.com/fighter-details/253076a23d03dcd0
Cody Durden,http://ufcstats.com/fighter-details/7f6ed67d3ed3c036
Billy Elekana,http://ufcstats.com/fighter-details/07a74004d964c7f4
Kevin Christian,http://ufcstats.com/fighter-details/7e9b36a9847db116
Timmy Cuamba,http://ufcstats.com/fighter-details/0e46690e55a8df75
ChangHo Lee,http://ufcstats.com/fighter-details/117a06469813e4ef
Donte Johnson,http://ufcstats.com/fighter-details/ad5cb64af10fc946
Sedriques Dumas,http://ufcstats.com/fighter-details/4e6738062d469256
Ketlen Vieira,http://ufcstats.com/fighter-details/b9706f80d005036c
Norma Dumont,http://ufcstats.com/fighter-details/d3f5d33d61cd00c9
Alice Ardelean,http://ufcstats.com/fighter-details/87f8699fdcc2c404
Montserrat Conejo Ruiz,http://ufcstats.com/fighter-details/1235b31de15d0c6e
Phil Rowe,http://ufcstats.com/fighter-details/8e382b585a92affe
Seokhyeon Ko,http://ufcstats.com/fighter-details/4a07b1988477502c
Talita Alencar,http://ufcstats.com/fighter-details/d35298b6df168456
Ariane Carnelossi,http://ufcstats.com/fighter-details/c0d5c0c95c59050b
Tom Aspinall,http://ufcstats.com/fighter-details/399afbabc02376b5
Ciryl Gane,http://ufcstats.com/fighter-details/787bb1f087ccff8a
Virna Jandiroba,http://ufcstats.com/fighter-details/7dda2cf308f24a02
Mackenzie Dern,http://ufcstats.com/fighter-details/7447e9f28508106a
Umar Nurmagomedov,http://ufcstats.com/fighter-details/2b6fc1c02736833d
Mario Bautista,http://ufcstats.com/fighter-details/bc711b6dd95c1af6
Alexander Volkov,http://ufcstats.com/fighter-details/279566840aa55bf2
Jailton Almeida,http://ufcstats.com/fighter-details/41e83a89929d1327
Aleksandar Rakic,http://ufcstats.com/fighter-details/333b9e5c723ac873
Azamat Murzakanov,http://ufcstats.com/fighter-details/e90a2f22417af68e
Nasrat Haqparast,http://ufcstats.com/fighter-details/b7b84ccd221be298
Quillan Salkilld,http://ufcstats.com/fighter-details/17734443a833cdf7
Ikram Aliskerov,http://ufcstats.com/fighter-details/b07aed698fba8624
JunYong Park,http://ufcstats.com/fighter-details/285ae0b4a68221f4
Ludovit Klein,http://ufcstats.com/fighter-details/5b86d491d63890c5
Mateusz Rebecki,http://ufcstats.com/fighter-details/849c5d9979df5357
Valter Walker,http://ufcstats.com/fighter-details/f5779a2303ed76ec
Louie Sutherland,http://ufcstats.com/fighter-details/cdb7b38b1b357f26
Nathaniel Wood,http://ufcstats.com/fighter-details/329e403448756217
Jose Delgado,http://ufcstats.com/fighter-details/7d6ceff6747f2de2
Hamdy Abdelwahab,http://ufcstats.com/fighter-details/3329d692aea4dc28
Chris Barnett,http://ufcstats.com/fighter-details/7a5e8c94a86f9895
Azat Maksum,http://ufcstats.com/fighter-details/7f1bf0c255ec8756
Mitch Raposo,http://ufcstats.com/fighter-details/0be6776db31d98ec
Jaqueline Amorim,http://ufcstats.com/fighter-details/bc7d1ad49fcb2d08
Mizuki,http://ufcstats.com/fighter-details/43a59ce3bb40449e
Reinier de Ridder,http://ufcstats.com/fighter-details/d549cefc7c54ab78
Brendan Allen,http://ufcstats.com/fighter-details/2f181c0467965b98
Kevin Holland,http://ufcstats.com/fighter-details/3a46b268013afede
Mike Malott,http://ufcstats.com/fighter-details/dd6103dd7127db1d
Marlon Vera,http://ufcstats.com/fighter-details/7c7332319c14094c
Aiemann Zahabi,http://ufcstats.com/fighter-details/24656ef4d605c96f
Manon Fiorot,http://ufcstats.com/fighter-details/34ff304266360297
Jasmine Jasudavicius,http://ufcstats.com/fighter-details/a9e260472d321361
Charles Jourdain,http://ufcstats.com/fighter-details/f1d64ae34e088832
Davey Grant,http://ufcstats.com/fighter-details/113df4fde64735c6
Kyle Nelson,http://ufcstats.com/fighter-details/31f8081c7600da93
Matt Frevola,http://ufcstats.com/fighter-details/dccb63727f2f5f74
Kyle Prepolec,http://ufcstats.com/fighter-details/873626e5547b5235
Drew Dober,http://ufcstats.com/fighter-details/519e4fe37ce9ff75
Cody Gibson,http://ufcstats.com/fighter-details/700a674c042b7a96
Aoriqileng,http://ufcstats.com/fighter-details/7d420039bbfe7c1a
Bruno Silva,http://ufcstats.com/fighter-details/294aa73dbf37d281
HyunSung Park,http://ufcstats.com/fighter-details/b671bdf981ad527d
Danny Barlow,http://ufcstats.com/fighter-details/b7c5eb7cdbac6a63
Djorden Santos,http://ufcstats.com/fighter-details/312f7d7b2b2f7de4
Stephanie Luciano,http://ufcstats.com/fighter-details/1b35af4d1529adf6
Ravena Oliveira,http://ufcstats.com/fighter-details/4948e412fa6ab67d
Azamat Bekoev,http://ufcstats.com/fighter-details/3bc3f60b21cddc6a
Yousri Belgaroui,http://ufcstats.com/fighter-details/7674b836ce0698a0
Melissa Croden,http://ufcstats.com/fighter-details/51e2f44a8dbf6984
Tainara Lisboa,http://ufcstats.com/fighter-details/2c5f5749569eef66
Charles Oliveira,http://ufcstats.com/fighter-details/07225ba28ae309b6
Mateusz Gamrot,http://ufcstats.com/fighter-details/72db2a14ffa73ece
Deiveson Figueiredo,http://ufcstats.com/fighter-details/aa72b0f831d0bfe5
Montel Jackson,http://ufcstats.com/fighter-details/cc1a8b4b38b92c6d
Vicente Luque,http://ufcstats.com/fighter-details/6d4b63c767106d3a
Joel Alvarez,http://ufcstats.com/fighter-details/58bbef3770bb2dfc
Jhonata Diniz,http://ufcstats.com/fighter-details/25f9a5f3e8a52618
Mario Pinto,http://ufcstats.com/fighter-details/39d309957c5c210d
Ricardo Ramos,http://ufcstats.com/fighter-details/1ae8f3c723aacff4
Kaan Ofli,http://ufcstats.com/fighter-details/7facc9c45d792985
Lucas Almeida,http://ufcstats.com/fighter-details/710f0f8c5d5c9d41
Michael Aswell Jr.,http://ufcstats.com/fighter-details/01c9e4013afce141
Jafel Filho,http://ufcstats.com/fighter-details/65adf3856c4d9256
Clayton Carpenter,http://ufcstats.com/fighter-details/b62d5280966b2460
Vitor Petrino,http://ufcstats.com/fighter-details/71171fc96445bf65
Thomas Petersen,http://ufcstats.com/fighter-details/764d39074a352e33
Bia Mesquita,http://ufcstats.com/fighter-details/eff9074bc066f0f2
Irina Alekseeva,http://ufcstats.com/fighter-details/103e2e33a60683e1
Lucas Rocha,http://ufcstats.com/fighter-details/e0d3d9b564f95635
Stewart Nicoll,http://ufcstats.com/fighter-details/2bd98ab77a8daa75
Julia Polastri,http://ufcstats.com/fighter-details/abb68e3c7ca128f2
Karolina Kowalkiewicz,http://ufcstats.com/fighter-details/d7c3816669784109
Luan Lacerda,http://ufcstats.com/fighter-details/6fc506e1099afe20
Saimon Oliveira,http://ufcstats.com/fighter-details/72ea1984c52019b5
Magomed Ankalaev,http://ufcstats.com/fighter-details/d802174b0c0c1f4e
Alex Pereira,http://ufcstats.com/fighter-details/e5549c82bfb5582d
Cory Sandhagen,http://ufcstats.com/fighter-details/65f09bacd3957381
Jiri Prochazka,http://ufcstats.com/fighter-details/009341ed974bad72
Khalil Rountree Jr.,http://ufcstats.com/fighter-details/749f572d1d3161fb
Josh Emmett,http://ufcstats.com/fighter-details/fba03cd6cc28dc41
Youssef Zalal,http://ufcstats.com/fighter-details/52c2ae6d2f2d2613
Abus Magomedov,http://ufcstats.com/fighter-details/36b8f265bcd1b7a4
Joe Pyfer,http://ufcstats.com/fighter-details/c1085e1701b13eca
Ateba Gautier,http://ufcstats.com/fighter-details/2f815ed5f8278ba6
Tre'ston Vines,http://ufcstats.com/fighter-details/563a1d42bb0e3cef
Daniel Santos,http://ufcstats.com/fighter-details/b67d6bacc68d4c92
JooSang Yoo,http://ufcstats.com/fighter-details/a44020ea2e8cd026
Patchy Mix,http://ufcstats.com/fighter-details/2cfba6c837c03ed0
Jakub Wiklacz,http://ufcstats.com/fighter-details/6902fcf0610dd303
Edmen Shahbazyan,http://ufcstats.com/fighter-details/4144798612ef96e5
Andre Muniz,http://ufcstats.com/fighter-details/886264a0c9f4ea5e
Punahele Soriano,http://ufcstats.com/fighter-details/64facb6cc564262d
Nikolay Veretennikov,http://ufcstats.com/fighter-details/0f1efce7d2571d10
Macy Chiasson,http://ufcstats.com/fighter-details/9cdd2da1a9104a0b
Yana Santos,http://ufcstats.com/fighter-details/3143bf892608139a
Chris Gutierrez,http://ufcstats.com/fighter-details/45f0cc9d18f35137
Farid Basharat,http://ufcstats.com/fighter-details/a09ed60aa67a3f67
Ramiz Brahimaj,http://ufcstats.com/fighter-details/3d074044a33825e7
Austin Vanderford,http://ufcstats.com/fighter-details/32c3ee378671a5d9
Veronica Hardy,http://ufcstats.com/fighter-details/4798e823ada58fe9
Brogan Walker,http://ufcstats.com/fighter-details/4333a8e70a672eb7
Carlos Ulberg,http://ufcstats.com/fighter-details/9014c02eff8b3d62
Dominick Reyes,http://ufcstats.com/fighter-details/2e19380f34871c6a
Jimmy Crute,http://ufcstats.com/fighter-details/70e1f8a821b72c8b
Ivan Erslan,http://ufcstats.com/fighter-details/64ad3e3b0efa30bb
Jack Jenkins,http://ufcstats.com/fighter-details/a9da3158dd2c2b5a
Ramon Taveras,http://ufcstats.com/fighter-details/c5ccd878231c5407
Jake Matthews,http://ufcstats.com/fighter-details/a845f0735bc67405
Neil Magny,http://ufcstats.com/fighter-details/84b3e7d38f2d2ec5
Tom Nolan,http://ufcstats.com/fighter-details/6c3b2525436cf5d4
Charlie Campbell,http://ufcstats.com/fighter-details/b39f7a6c2be17ee8
Navajo Stirling,http://ufcstats.com/fighter-details/b4b496ec2197ee3e
Rodolfo Bellato,http://ufcstats.com/fighter-details/69898645d600abdb
Cam Rowston,http://ufcstats.com/fighter-details/8ebc3a8da015d70c
Andre Petroski,http://ufcstats.com/fighter-details/5f61780fe5e9b6d0
Jamie Mullarkey,http://ufcstats.com/fighter-details/af9f42e6894047fc
Rolando Bedoya,http://ufcstats.com/fighter-details/40a456a25d52ee65
Colby Thicknesse,http://ufcstats.com/fighter-details/ed7d329d7c29428d
Josias Musasa,http://ufcstats.com/fighter-details/723b64c0e9a8f348
Michelle Montague,http://ufcstats.com/fighter-details/ca80d72da81d7224
Luana Carolina,http://ufcstats.com/fighter-details/528b071cf3da7c56
Brando Pericic,http://ufcstats.com/fighter-details/d0fd0d9ee560dae7
Elisha Ellison,http://ufcstats.com/fighter-details/87e4a3a5080ee7ce
Loma Lookboonmee,http://ufcstats.com/fighter-details/4e30e4250cb08b61
Alexia Thainara,http://ufcstats.com/fighter-details/545092d13c67aa49
Diego Lopes,http://ufcstats.com/fighter-details/f166e93d04a8c274
Jean Silva,http://ufcstats.com/fighter-details/52ef95b5860fb28c
Rob Font,http://ufcstats.com/fighter-details/05339613bf8e9808
David Martinez,http://ufcstats.com/fighter-details/9a97acbfd5a08bfa
Rafa Garcia,http://ufcstats.com/fighter-details/e132d47bd9efbbe0
Jared Gordon,http://ufcstats.com/fighter-details/7026eca45f65377b
Kelvin Gastelum,http://ufcstats.com/fighter-details/8c0580d4fff106c1
Dustin Stoltzfus,http://ufcstats.com/fighter-details/71505842fb6455c3
Alexander Hernandez,http://ufcstats.com/fighter-details/262a7d06203657e6
Diego Ferreira,http://ufcstats.com/fighter-details/f53d4f21d1b5f2dc
Santiago Luna,http://ufcstats.com/fighter-details/faf317c665546a36
Quang Le,http://ufcstats.com/fighter-details/32feae6d9a1e5047
Jose Daniel Medina,http://ufcstats.com/fighter-details/baa9be02c3e3e038
Dusko Todorovic,http://ufcstats.com/fighter-details/866fd7b1a6c90e7f
Claudio Puelles,http://ufcstats.com/fighter-details/d747eb273a40a920
Joaquim Silva,http://ufcstats.com/fighter-details/ae7fe94f117f98cf
Tatiana Suarez,http://ufcstats.com/fighter-details/b08012bbe542592a
Amanda Lemos,http://ufcstats.com/fighter-details/3df5493bb279226f
Jesus Aguilar,http://ufcstats.com/fighter-details/c051c2e12d692b8a
Luis Gurule,http://ufcstats.com/fighter-details/29162be25ebef5f0
Alessandro Costa,http://ufcstats.com/fighter-details/3fa97913cfd205d3
Alden Coria,http://ufcstats.com/fighter-details/5e9ca8dd7d783a75
Montse Rendon,http://ufcstats.com/fighter-details/60193e707634e560
Alice Pereira,http://ufcstats.com/fighter-details/81d2c551886bd5a1
Rodrigo Sezinando,http://ufcstats.com/fighter-details/c06d6b18862f9a53
Daniil Donchenko,http://ufcstats.com/fighter-details/70dd69b6a703257e
Nassourdine Imavov,http://ufcstats.com/fighter-details/881bf86d4cba8578
Caio Borralho,http://ufcstats.com/fighter-details/4126a78111c0855a
Mauricio Ruffy,http://ufcstats.com/fighter-details/9c393e836a852f30
Modestas Bukauskas,http://ufcstats.com/fighter-details/476fe566d2df676e
Paul Craig,http://ufcstats.com/fighter-details/eabf206b162b3b83
Bolaji Oki,http://ufcstats.com/fighter-details/4bdedbdeedff7d1d
Mason Jones,http://ufcstats.com/fighter-details/f6ad6a1e4d600e0d
Axel Sola,http://ufcstats.com/fighter-details/1d2d98ddd05b38fb
Rhys McKee,http://ufcstats.com/fighter-details/f748267c4ab6c127
William Gomis,http://ufcstats.com/fighter-details/e1d40e8782d80bc2
Robert Ruchala,http://ufcstats.com/fighter-details/92aed9d16794f42b
Oumar Sy,http://ufcstats.com/fighter-details/46e2011d92463b7e
Brendson Ribeiro,http://ufcstats.com/fighter-details/49edd0d90f60fb7d
Marcin Tybura,http://ufcstats.com/fighter-details/c9cf753cfdf77fc2
Harry Hardwick,http://ufcstats.com/fighter-details/2dbc60c52de126d8
Kaue Fernandes,http://ufcstats.com/fighter-details/ec13c393d029297d
Sam Patterson,http://ufcstats.com/fighter-details/8b6e5dc2ba1edbe7
Trey Waters,http://ufcstats.com/fighter-details/31dbfbe4e7a6727c
Brad Tavares,http://ufcstats.com/fighter-details/0c6d9ea8306c029e
Robert Bryczek,http://ufcstats.com/fighter-details/f96856f9d69fd7e4
Andreas Gustafsson,http://ufcstats.com/fighter-details/2caf993f53541fa1
Rinat Fakhretdinov,http://ufcstats.com/fighter-details/8f765fd5775a8873
Shauna Bannon,http://ufcstats.com/fighter-details/9c442aaf149ea982
Sam Hughes,http://ufcstats.com/fighter-details/e94085e821bd81de
Johnny Walker,http://ufcstats.com/fighter-details/c21f26bbde777573
Zhang Mingyang,http://ufcstats.com/fighter-details/8a65fd9ba31fd3f7
Brian Ortega,http://ufcstats.com/fighter-details/def8166ff24bd237
Aljamain Sterling,http://ufcstats.com/fighter-details/cb696ebfb6598724
Sergei Pavlovich,http://ufcstats.com/fighter-details/f14cf73e51b29254
Sumudaerji,http://ufcstats.com/fighter-details/3cf18e01cb6cbde3
Kevin Borjas,http://ufcstats.com/fighter-details/34b96d52db1d26e6
Taiyilake Nueraji,http://ufcstats.com/fighter-details/7498b3ac79a3b948
Kiefer Crosbie,http://ufcstats.com/fighter-details/4729c93ba705a3bf
Maheshate,http://ufcstats.com/fighter-details/8c1ca54b5089d199
Gauge Young,http://ufcstats.com/fighter-details/b2a78df161bd67f9
Charles Johnson,http://ufcstats.com/fighter-details/814e5233e2acf2ee
Lone'er Kavanagh,http://ufcstats.com/fighter-details/bb2c3c3a466224af
Rongzhu,http://ufcstats.com/fighter-details/a13d755965a4ec9f
Austin Hubbard,http://ufcstats.com/fighter-details/d2cd7a69cc55e7ed
Michel Pereira,http://ufcstats.com/fighter-details/595db60957de51d3
Yizha,http://ufcstats.com/fighter-details/3f11fd1751fa83b1
Westin Wilson,http://ufcstats.com/fighter-details/7b3503352cd53abb
Xiao Long,http://ufcstats.com/fighter-details/86bace9e4ad85542
SuYoung You,http://ufcstats.com/fighter-details/a474aade8eb3a8f0
Uran Satybaldiev,http://ufcstats.com/fighter-details/02f484417a6fa69d
Diyar Nurgozhay,http://ufcstats.com/fighter-details/709fadb644ee3f51
Dricus Du Plessis,http://ufcstats.com/fighter-details/0d7b51c9d2649a6e
Khamzat Chimaev,http://ufcstats.com/fighter-details/767755fd74662dbf
Lerone Murphy,http://ufcstats.com/fighter-details/396fe87b84ac2e1c
Aaron Pico,http://ufcstats.com/fighter-details/5537efc6e496dd84
Geoff Neal,http://ufcstats.com/fighter-details/b997be68943010fc
Jared Cannonier,http://ufcstats.com/fighter-details/13a0275fa13c4d26
Michael Page,http://ufcstats.com/fighter-details/a67d071163962af8
Tim Elliott,http://ufcstats.com/fighter-details/c96d9178c9ed9e62
Kai Asakura,http://ufcstats.com/fighter-details/d33da8a3d82bdb62
Eric Nolan,http://ufcstats.com/fighter-details/64b12fe31be7560c
Michal Oleksiejczuk,http://ufcstats.com/fighter-details/0d65c432720accb9
Jessica Andrade,http://ufcstats.com/fighter-details/6a1901c62ab3870f
Loopy Godinez,http://ufcstats.com/fighter-details/8e5d953bdb9ae5e7
Chase Hooper,http://ufcstats.com/fighter-details/971246648e162f0d
Drakkar Klose,http://ufcstats.com/fighter-details/7cbf7c78d3b34218
Dione Barbosa,http://ufcstats.com/fighter-details/27b388f0aab49780
Alibi Idiris,http://ufcstats.com/fighter-details/30cad5a751adcb48
Roman Dolidze,http://ufcstats.com/fighter-details/327d5f279895110d
Anthony Hernandez,http://ufcstats.com/fighter-details/093e1f5bb73850be
Steve Erceg,http://ufcstats.com/fighter-details/32ab52e5de93092d
Ode Osbourne,http://ufcstats.com/fighter-details/6d68c1afe954f121
Iasmin Lucindo,http://ufcstats.com/fighter-details/abcf2cc6efc42031
Andre Fili,http://ufcstats.com/fighter-details/8fd808923cffff82
Christian Rodriguez,http://ufcstats.com/fighter-details/5ec591b78349ba7e
Jean Matsumoto,http://ufcstats.com/fighter-details/ffd3224638c01b57
Eryk Anders,http://ufcstats.com/fighter-details/cad24459b28592ca
Julius Walker,http://ufcstats.com/fighter-details/6add18754930182b
Elijah Smith,http://ufcstats.com/fighter-details/7478b7f959ba61f5
Toshiomi Kazama,http://ufcstats.com/fighter-details/148bb103cfbf123e
Joselyne Edwards,http://ufcstats.com/fighter-details/f9ab66e67240db7b
Priscila Cachoeira,http://ufcstats.com/fighter-details/b1e5bcaad32a3cac
Gilbert Urbina,http://ufcstats.com/fighter-details/b12fb759e02378de
Gabriella Fernandes,http://ufcstats.com/fighter-details/a6eb54ae17a551be
Julija Stoliarenko,http://ufcstats.com/fighter-details/a78a87d8c2bbb1cb
Cody Brundage,http://ufcstats.com/fighter-details/f14f644d41ade29f
Elves Brener,http://ufcstats.com/fighter-details/48a9a128784d53d1
Esteban Ribovics,http://ufcstats.com/fighter-details/323d4ca260dfa0ba
Karol Rosa,http://ufcstats.com/fighter-details/351c4ec637380ad5
Nora Cornolle,http://ufcstats.com/fighter-details/f2b3f4ef3f780168
Elizeu Zaleski dos Santos,http://ufcstats.com/fighter-details/8adcbd525fab8d9b
Danny Silva,http://ufcstats.com/fighter-details/d964a59c48381cb6
Kevin Vallejos,http://ufcstats.com/fighter-details/239d8e5359022f3b
Rinya Nakamura,http://ufcstats.com/fighter-details/d8c811df0386d5e8
Nathan Fletcher,http://ufcstats.com/fighter-details/a2d342ffc83913ed
Tresean Gore,http://ufcstats.com/fighter-details/147e70aa6cc48cfc
Nick Klein,http://ufcstats.com/fighter-details/7eaa5e31c2dd86aa
Andrey Pulyaev,http://ufcstats.com/fighter-details/22e07d3da1aa3475
Austin Bashi,http://ufcstats.com/fighter-details/d3f89fa685bd8420
John Yannis,http://ufcstats.com/fighter-details/450bcab0968562c4
Rafael Estevam,http://ufcstats.com/fighter-details/83455a9d17f57dae
Felipe Bunes,http://ufcstats.com/fighter-details/53c10176e3bc7416
Piera Rodriguez,http://ufcstats.com/fighter-details/e375cb5caf4717b6
Ketlen Souza,http://ufcstats.com/fighter-details/8bd4200561c77a62
Robert Whittaker,http://ufcstats.com/fighter-details/e1147d3d2dabe1ce
Marcus McGhee,http://ufcstats.com/fighter-details/c0ac37a4a1133da9
Shara Magomedov,http://ufcstats.com/fighter-details/06734ca9d88dec3a
Marc-Andre Barriault,http://ufcstats.com/fighter-details/8e9eb3fc86db0f7d
Jose Ochoa,http://ufcstats.com/fighter-details/88be62d6c1e6dadb
Nikita Krylov,http://ufcstats.com/fighter-details/1091d4d957141094
Bryce Mitchell,http://ufcstats.com/fighter-details/d9c6f19f958643e9
Said Nurmagomedov,http://ufcstats.com/fighter-details/0fd5f4b838e890cc
Carlos Leal,http://ufcstats.com/fighter-details/28d421729451c8ca
Da'Mon Blackshear,http://ufcstats.com/fighter-details/da22387a0407a2dc
Amanda Ribas,http://ufcstats.com/fighter-details/beecb672a279223e
Tabatha Ricci,http://ufcstats.com/fighter-details/d25240135aee03e5
Mohammad Yahya,http://ufcstats.com/fighter-details/3753714927f18437
Steven Nguyen,http://ufcstats.com/fighter-details/69037fc7730e4225
Martin Buday,http://ufcstats.com/fighter-details/8eb046f83e82bf26
Marcus Buchecha,http://ufcstats.com/fighter-details/095854a135e6db55
Max Holloway,http://ufcstats.com/fighter-details/150ff4cc642270b9
Dustin Poirier,http://ufcstats.com/fighter-details/029eaff01e6bb8f0
Paulo Costa,http://ufcstats.com/fighter-details/2e5c2aa8e4ab9d82
Daniel Rodriguez,http://ufcstats.com/fighter-details/8a1f3b5c526cd6e6
Dan Ige,http://ufcstats.com/fighter-details/82a5152216251682
Patricio Freire,http://ufcstats.com/fighter-details/98a58c26c5b1ed17
Michael Johnson,http://ufcstats.com/fighter-details/511e82663651438d
Daniel Zellhuber,http://ufcstats.com/fighter-details/4148802ae4a50768
Kyler Phillips,http://ufcstats.com/fighter-details/60425d07ef4b91a7
Vinicius Oliveira,http://ufcstats.com/fighter-details/18d01f7f8338ae72
Francisco Prado,http://ufcstats.com/fighter-details/3920d0cc288f9b0d
Robert Valentin,http://ufcstats.com/fighter-details/0cd0456d6029cec2
Adam Fugitt,http://ufcstats.com/fighter-details/a01a62132460a98d
Islam Dulatov,http://ufcstats.com/fighter-details/e803242fb2e41112
Marcin Prachnio,http://ufcstats.com/fighter-details/6370c1c1e12723d5
Ryan Spann,http://ufcstats.com/fighter-details/a67f5afa8d6a1b80
Lukasz Brzeski,http://ufcstats.com/fighter-details/0c25d0a5e8cdbf19
Carli Judice,http://ufcstats.com/fighter-details/f1ab6f37492c630a
Nicolle Caliari,http://ufcstats.com/fighter-details/fc0a4053eb8a3a59
Derrick Lewis,http://ufcstats.com/fighter-details/d3df1add9d9a7efb
Tallison Teixeira,http://ufcstats.com/fighter-details/17923f676f100e16
Stephen Thompson,http://ufcstats.com/fighter-details/4a28cb716c19157a
Calvin Kattar,http://ufcstats.com/fighter-details/751de04455cfaac0
Nate Landwehr,http://ufcstats.com/fighter-details/583ee11abddfc581
Morgan Charriere,http://ufcstats.com/fighter-details/5b03b61f9d90125e
Austen Lane,http://ufcstats.com/fighter-details/be9bdec19b7e9ffe
Junior Tafa,http://ufcstats.com/fighter-details/c15fa95b9a12fde4
Tuco Tokkos,http://ufcstats.com/fighter-details/3e8118c1ab52f211
Max Griffin,http://ufcstats.com/fighter-details/b0d6a1d8ac3d563d
Chris Curtis,http://ufcstats.com/fighter-details/5442f1bc4b47eaf3
Chidi Njokuani,http://ufcstats.com/fighter-details/c68c68efaa5ca6ef
Lauren Murphy,http://ufcstats.com/fighter-details/729d4bd5a6cd0a97
Eduarda Moura,http://ufcstats.com/fighter-details/de594b35c45c2e9a
Kennedy Nzechukwu,http://ufcstats.com/fighter-details/8667caa0451d245b
Mitch Ramirez,http://ufcstats.com/fighter-details/e99eb0ef25885de5
Mike Davis,http://ufcstats.com/fighter-details/fb3e61720be4690c
Melissa Martinez,http://ufcstats.com/fighter-details/3f4c3bc822bea45d
Ilia Topuria,http://ufcstats.com/fighter-details/54f64b5e283b0ce7
Kai Kara-France,http://ufcstats.com/fighter-details/853eb0dd5c0e2149
Brandon Royval,http://ufcstats.com/fighter-details/6e15f63b6c2e2c15
Renato Moicano,http://ufcstats.com/fighter-details/b6452706b373eea1
Felipe Lima,http://ufcstats.com/fighter-details/9256f591b30c073e
Viviane Araujo,http://ufcstats.com/fighter-details/36541f1e6c5d4955
Niko Price,http://ufcstats.com/fighter-details/d8da10db80131bec
Jacobe Smith,http://ufcstats.com/fighter-details/85497ffd934ecf7e
Alvin Hines,http://ufcstats.com/fighter-details/ab2a4b5e04dc5fe9
Jamahal Hill,http://ufcstats.com/fighter-details/5444c5a201d3ee5a
Rafael Fiziev,http://ufcstats.com/fighter-details/c814b4c899793af6
Ignacio Bahamondes,http://ufcstats.com/fighter-details/e4a47b07044ddd72
Curtis Blaydes,http://ufcstats.com/fighter-details/fa6796c55d6c5440
Rizvan Kuniev,http://ufcstats.com/fighter-details/739fd4fbb5d862f4
Tofiq Musayev,http://ufcstats.com/fighter-details/ae81a3ac7b260411
Nikolas Motta,http://ufcstats.com/fighter-details/37f560436d745c18
Oban Elliott,http://ufcstats.com/fighter-details/6b56e94a59b7b134
Daria Zhelezniakova,http://ufcstats.com/fighter-details/07047eb7d17fb0a2
Melissa Mullins,http://ufcstats.com/fighter-details/bd532e9a2b93870c
Klaudia Sygula,http://ufcstats.com/fighter-details/9f5e3c20ce40b344
Mohammed Usman,http://ufcstats.com/fighter-details/da7f113b5ea39c43
Kamaru Usman,http://ufcstats.com/fighter-details/f1b2aa7853d1ed6e
Joaquin Buckley,http://ufcstats.com/fighter-details/b9437600497350f3
Rose Namajunas,http://ufcstats.com/fighter-details/47b63240018d5d86
Miranda Maverick,http://ufcstats.com/fighter-details/f29a6350c69f4a33
Cody Garbrandt,http://ufcstats.com/fighter-details/d8c7c61b176e3994
Michael Chiesa,http://ufcstats.com/fighter-details/c58f51dedb310998
Court McGee,http://ufcstats.com/fighter-details/523fa774700d7d3f
Kris Moutinho,http://ufcstats.com/fighter-details/9c27f3217891f3f0
Cameron Smotherman,http://ufcstats.com/fighter-details/5c84f673b7bb7c15
Ange Loosa,http://ufcstats.com/fighter-details/1497e735d9f2560a
Jamey-Lyn Horth,http://ufcstats.com/fighter-details/5c637af9472ae7cc
Vanessa Demopoulos,http://ufcstats.com/fighter-details/2c483cf443f38ece
Sean O'Malley,http://ufcstats.com/fighter-details/b50a426a33da0012
Julianna Pena,http://ufcstats.com/fighter-details/3253b16d38ae087d
Kayla Harrison,http://ufcstats.com/fighter-details/1af1170ed937cba7
Serghei Spivac,http://ufcstats.com/fighter-details/e2f6b2769aaedd6c
Khaos Williams,http://ufcstats.com/fighter-details/2558ae2e5671e318
Ariane da Silva,http://ufcstats.com/fighter-details/6551c64fbcd1a467
Wang Cong,http://ufcstats.com/fighter-details/2997e7fe3c9d3d4a
Jeka Saragih,http://ufcstats.com/fighter-details/57186c150c645200
Yanal Ashmouz,http://ufcstats.com/fighter-details/c739c2995a275314
MarQuel Mederos,http://ufcstats.com/fighter-details/e2be0c1a9b886d92
Mark Choinski,http://ufcstats.com/fighter-details/001eb2ab0f30e7ea
Billy Ray Goff,http://ufcstats.com/fighter-details/fa07345cc9db5cc9
Dustin Jacoby,http://ufcstats.com/fighter-details/e4277e87a789d687
Bruno Lopes,http://ufcstats.com/fighter-details/0abcf6bc47191219
Kurt Holobaugh,http://ufcstats.com/fighter-details/a7151778b3381036
Jordan Leavitt,http://ufcstats.com/fighter-details/ac026518a9b4dc0f
Rayanne dos Santos,http://ufcstats.com/fighter-details/02bb48869eb7ac8f
Gilbert Burns,http://ufcstats.com/fighter-details/23024fdfc966410a
Sodiq Yusuff,http://ufcstats.com/fighter-details/94426bb170c88115
Nursulton Ruziboev,http://ufcstats.com/fighter-details/49d2a08964c5eb11
Julian Erosa,http://ufcstats.com/fighter-details/902ec2cc48c8ae8a
Melquizael Costa,http://ufcstats.com/fighter-details/20bccc9bb4ceb23e
Gabe Green,http://ufcstats.com/fighter-details/5eb50529a8418b77
Thiago Moises,http://ufcstats.com/fighter-details/d945aae53e3e54e6
Connor Matthews,http://ufcstats.com/fighter-details/36e78278a77006d4
Luana Santos,http://ufcstats.com/fighter-details/5078e1dacf9d25f4
Elise Reed,http://ufcstats.com/fighter-details/ac7c765882f2c68c
Carlos Hernandez,http://ufcstats.com/fighter-details/798e48f9e7f6ba22
Luana Pinheiro,http://ufcstats.com/fighter-details/a3a542074109b347
